Name,Creator,Link,Type
"Heavy metal dungeon door creak, squeak 3",ZapSplat,https://www.zapsplat.com/music/heavy-metal-dungeon-door-creak-squeak-3/,Sound effect
Rustling.wav,13FPanska_Machacova_Petra,https://freesound.org/people/13FPanska_Machacova_Petra/sounds/377534/,Sound effect
Right Gravel Footstep 2,Ali_6868,https://freesound.org/people/Ali_6868/sounds/384876/,Sound effect
Right Gravel Footstep 1,Ali_6868,https://freesound.org/people/Ali_6868/sounds/384877/,Sound effect
Right Gravel Footstep 4,Ali_6868,https://freesound.org/people/Ali_6868/sounds/384878/,Sound effect
Metal thud.WAV,DDT197,https://freesound.org/people/DDT197/sounds/445775/,Sound effect
Leave reed rustle,JonCon_Library,https://freesound.org/people/JonCon_Library/sounds/483123/,Sound effect
Footsteps_Mountain_Boots_Rock_Jump_Sequence_Mono.wav,Nox_Sound,https://freesound.org/people/Nox_Sound/sounds/558477/,Sound effect
Small metal bucket swinging,melle_teich,https://freesound.org/people/melle_teich/sounds/565965/,Sound effect
Game Pickup,IENBA,https://freesound.org/people/IENBA/sounds/698768/,Sound effect
Coin Pickup SFX [1],SoundDesignForYou,https://freesound.org/people/SoundDesignForYou/sounds/646673/,Sound effect
Cat_Twit1.wav,steffcaffrey,https://freesound.org/people/steffcaffrey/sounds/262306/,Sound effect
Soporific,Kevin MacLeod (incompetech.com),https://incompetech.com/music/royalty-free/music.html,Music
Indie Flower,Kimberly Geswein,https://fonts.google.com/specimen/Indie+Flower,Font
